{
  "initial_temp": 483.8484786386839,
  "cooling_rate": 0.9211263517202707,
  "iterations_per_temp": 84,
  "construction_iterations": 44,
  "best_mean_gap_pct": 6.837240077892353
}